Wall time,Step,Value
1591097751.5126975,5050,0.05937499925494194
1591099150.5825117,5360,0.05859375
1591099241.1041613,5380,0.05390625074505806
1591104329.472477,6510,0.04374999925494194
